id;start_date;end_date;language
1;2025-06-02T12:12:27;2025-06-03T03:14:49;SPANISH
2;2025-06-02T23:45:01;2025-06-02T18:55:02;FRENCH
3;2025-06-02T09:48:31;2025-06-02T20:49:54;FRENCH
4;2025-06-03T03:42:12;2025-06-02T19:28:55;SPANISH
5;2025-06-02T15:37:31;2025-06-03T01:55:06;ENGLISH
6;2025-06-03T07:45:16;2025-06-02T17:36:01;SPANISH
7;2025-06-03T02:52:37;2025-06-02T15:25:29;ENGLISH
8;2025-06-02T12:49:32;2025-06-02T16:54:56;FRENCH
9;2025-06-02T16:11:48;2025-06-02T19:15:48;ENGLISH
10;2025-06-02T23:55:28;2025-06-03T04:57:30;ENGLISH
